{"3": {"mape": 0.14004039084562445, "mae": 3.0941905775037597, "rmse": 4.625828798739961}, "6": {"mape": 0.1399113856354941, "mae": 3.0917085596749243, "rmse": 4.62204070177396}, "9": {"mape": 0.1398114982846489, "mae": 3.0896668740965363, "rmse": 4.618437775334399}, "12": {"mape": 0.1373633472339186, "mae": 3.0507428022143035, "rmse": 4.596521788582513}}