{"3": {"mape": 0.13556380503858995, "mae": 2.998803490520265, "rmse": 4.451932728654269}, "6": {"mape": 0.1354428152044857, "mae": 2.9964914311816524, "rmse": 4.4480889272368245}, "9": {"mape": 0.13534842378523684, "mae": 2.9942054237536677, "rmse": 4.444419068013179}, "12": {"mape": 0.13519224134619323, "mae": 2.990831000587838, "rmse": 4.462356125396074}}