{"3": {"mape": 0.13880185150174348, "mae": 3.0701396871209043, "rmse": 4.561645553154282}, "6": {"mape": 0.1386895519530651, "mae": 3.067853883834019, "rmse": 4.556939022033937}, "9": {"mape": 0.1385948501416815, "mae": 3.065849859352105, "rmse": 4.553693299758398}, "12": {"mape": 0.15033341806911435, "mae": 3.29097863313886, "rmse": 4.942285588738442}}